{"0": 0.023527479049664263, "1": 0.006318795265609928, "2": -0.0018354264000986465, "3": 0.408958709181234, "4": 0.14652809228932867, "5": 0.05973803643579024, "6": 0.02411846731879735, "7": -0.0627357230039122, "8": -0.07050994505150343, "9": -0.06551554290304895, "10": -0.034200188228815175, "11": 0.015191762381267305, "12": 0.48778778116681515, "13": 0.059024990466815155}