{"0": 0.02549291254415613, "1": 0.0057781435234445944, "2": -0.0029827306294406704, "3": 0.5101568659794706, "4": 0.152112782677622, "5": 0.07271903660806413, "6": 0.03154853452667032, "7": -0.06526356366263064, "8": -0.05858418097055819, "9": -0.0690764943574078, "10": -0.041259658762721356, "11": -0.009160575181750797, "12": 0.5379003469998689, "13": 0.06232626884674295}