{"0": 0.02296823032562568, "1": 0.007470076915912159, "2": -0.003703475408269186, "3": 0.3142467643523905, "4": 0.1537897884832204, "5": 0.0793612068519173, "6": 0.01165110910192382, "7": -0.09216249996999018, "8": -0.05049838796677311, "9": -0.06908483510716364, "10": -0.039592693874183404, "11": 0.026301104560704183, "12": 0.5379686513063604, "13": 0.04357570346817993}