{"0": 0.024119357254431685, "1": 0.006122624755031635, "2": -0.003442750711834788, "3": 0.40055981935450147, "4": 0.13892848733236962, "5": 0.0540154258611343, "6": 0.042939318604551587, "7": -0.11767421662062089, "8": -0.06738521802911208, "9": -0.08040216631947955, "10": -0.02320154594595978, "11": 0.009811033028608553, "12": 0.560659138736037, "13": 0.05259811350804633}