{"0": 0.02180502457226698, "1": 0.007675944760363125, "2": -0.004090808405066195, "3": 0.31758898509130873, "4": 0.1495662191843872, "5": 0.06959563845571108, "6": 0.023131532627118808, "7": -0.06532559758511976, "8": -0.06380024199202532, "9": -0.07043333504835576, "10": -0.043194532546350924, "11": -0.0012004898572809414, "12": 0.5602901189890775, "13": 0.0647126535777155}