{"0": 0.02231683805526504, "1": 0.005895825594898844, "2": -0.0027273883612593, "3": 0.5690563923051581, "4": 0.1626784263736198, "5": 0.05256228043236256, "6": 0.035778227351737316, "7": -0.07291954184838023, "8": -0.06813653674830353, "9": -0.07949834213949072, "10": -0.022715837668817254, "11": -0.008741253599226659, "12": 0.5245295275498304, "13": 0.06252195332794035}