{"0": 0.022983834284046767, "1": 0.007867871168908422, "2": -0.003643798619897533, "3": 0.359470697737783, "4": 0.13827781383256424, "5": 0.04539945201257706, "6": 0.014774647654957137, "7": -0.08030687457893175, "8": -0.05831891261188385, "9": -0.07216914679562945, "10": -0.04070938527901905, "11": 0.023932432873788583, "12": 0.4911583963320266, "13": 0.04596348125748347}