{"0": 0.022745722167175474, "1": 0.006842256697578355, "2": -0.003696172740078378, "3": 0.4004159570468981, "4": 0.1593811755507208, "5": 0.06143422260940032, "6": 0.027067564924126476, "7": -0.041654671546542184, "8": -0.06812448619796684, "9": -0.07278641114152588, "10": -0.03364418877675299, "11": -0.005235081266903953, "12": 0.596027923409779, "13": 0.06417065842707616}