{"0": 0.02586141695587966, "1": 0.007458625695010656, "2": -0.003467895281515462, "3": 0.31694368540745266, "4": 0.14968653812860175, "5": 0.06243935030101338, "6": 0.008892812039613623, "7": -0.04141023458939801, "8": -0.06305642025986818, "9": -0.06471253282514139, "10": -0.04665969148225848, "11": 0.004894812291103151, "12": 0.5158645438031354, "13": 0.04885635430632341}