{"0": 0.023707226655815955, "1": 0.0059061303145650935, "2": -0.0030261363821565915, "3": 0.33202614746021475, "4": 0.15629382169648356, "5": 0.08840862261872359, "6": 0.023391668736450776, "7": -0.09545426177299957, "8": -0.05465140437066279, "9": -0.07307616896664498, "10": -0.019233323643902286, "11": 0.0038107289125031934, "12": 0.549585234566074, "13": 0.058432475369978955}