{"0": 0.026845720210051226, "1": 0.005267007055942633, "2": -0.002788188656758413, "3": 0.32246662466198744, "4": 0.14037123526428266, "5": 0.0455625386844419, "6": 0.02064568315786045, "7": -0.041866243860793094, "8": -0.059187237906400444, "9": -0.0722649277562515, "10": -0.04022008017751237, "11": 0.019932749046731126, "12": 0.45940086971680233, "13": 0.05164955487856296}