{"0": 0.02322569258639483, "1": 0.005711908113286762, "2": -0.0021600337060755327, "3": 0.28418301533439616, "4": 0.1422462527083169, "5": 0.049400423619601716, "6": 0.04011092242223556, "7": -0.08208220167086556, "8": -0.06729554235840307, "9": -0.07424354362493867, "10": -0.03424947064828132, "11": -0.01119365047758108, "12": 0.5766172111793951, "13": 0.0685063256586822}