{"0": 0.02691926925562154, "1": 0.0027242539985531493, "2": 0.00014636152178838856, "3": 0.3452058123265629, "4": 0.1184866203019124, "5": 0.04240168848512453, "6": 0.01609700541531181, "7": -0.07224320687411186, "8": -0.06619895019291924, "9": -0.07039082666154683, "10": -0.03241770222342262, "11": -0.009322096162676683, "12": 0.5501579762237723, "13": 0.056082381127651196}