{"0": 0.023921177650849647, "1": 0.003598955349397028, "2": -0.001181378502770711, "3": 0.252869031405341, "4": 0.14632075247883827, "5": 0.04586623360087828, "6": 0.03739640958873291, "7": -0.07675167678598546, "8": -0.06503475877124143, "9": -0.07630636806368174, "10": -0.033479419672486875, "11": -0.023156087698732234, "12": 0.5835112410926852, "13": 0.07618852798896442}