{"0": 0.024361585580880727, "1": 0.004069926922023468, "2": -0.0019188268662326594, "3": 0.4023832333027152, "4": 0.15272344092625065, "5": 0.04361734521902241, "6": 0.022367189458743147, "7": -0.06931815662761628, "8": -0.06385164835193395, "9": -0.0779643355771884, "10": -0.025737185582573045, "11": -0.02328723813223653, "12": 0.5468289781203584, "13": 0.06935247843937699}