{"0": 0.023637923717874258, "1": 0.006089981911745519, "2": -0.0025013127235344063, "3": 0.5605376059037391, "4": 0.149022961302964, "5": 0.07561518159013243, "6": 0.019867085759553982, "7": -0.060246221546050666, "8": -0.06704944482442816, "9": -0.07377332265077984, "10": -0.029604306509615905, "11": -0.0032229963302186234, "12": 0.5122620745451409, "13": 0.055028709443549116}