{"0": 0.02353415347381621, "1": 0.0056753450971965555, "2": -0.0016855248229512127, "3": 0.4638368655896668, "4": 0.140905484494783, "5": 0.050092029348104986, "6": 0.03082007865944131, "7": -0.08606835067358024, "8": -0.06768551615887958, "9": -0.07770944383976308, "10": -0.026810628980776414, "11": -0.02062295805057449, "12": 0.5875854687817067, "13": 0.06766896780206297}