{"0": 0.026630340703555546, "1": 0.006494498497241571, "2": -0.0034537337144073484, "3": 0.32561577583883694, "4": 0.14588067155845888, "5": 0.059549236997791466, "6": 0.03917749062867208, "7": -0.05387489069198532, "8": -0.06212688133217833, "9": -0.07634871335822671, "10": -0.032116835158437794, "11": 0.026500900103817122, "12": 0.5151441605821466, "13": 0.04542500145132833}