{"0": 0.024367118841676454, "1": 0.007172302665419074, "2": -0.0030050648251489917, "3": 0.18026178581076832, "4": 0.16721057963605918, "5": 0.08596467945119031, "6": 0.03785298969127589, "7": -0.08317558052020552, "8": -0.07624253622009208, "9": -0.06736979492973003, "10": -0.04632857975551001, "11": 0.016744048998951728, "12": 0.43662026479141214, "13": 0.050208396122643204}