{"0": 0.025104467750208234, "1": 0.006443329541500526, "2": -0.003588294589068853, "3": 0.28149691615527356, "4": 0.16039555830670074, "5": 0.055184606073700675, "6": 0.06482091244205605, "7": -0.0803512283257303, "8": -0.06791978919422641, "9": -0.0720297651982231, "10": -0.03662620945779064, "11": -0.006079942027641443, "12": 0.5354456603725327, "13": 0.07287308016446724}