{"0": 0.02059913869336259, "1": 0.00729027839027829, "2": -0.0027992443937164633, "3": 0.4345672160156693, "4": 0.15487932720102182, "5": 0.05225545250843446, "6": 0.03013295218136123, "7": -0.059245548250841246, "8": -0.07410198701142107, "9": -0.0671755006566509, "10": -0.03665137982455317, "11": -0.009087383496155108, "12": 0.5842520423985273, "13": 0.06304828541065907}