{"0": 0.026623365889595716, "1": 0.005074370531261804, "2": -0.0022596396129245192, "3": 0.28589328243018186, "4": 0.15048990389541916, "5": 0.06880206812875292, "6": 0.04685093138190287, "7": -0.05452869753238389, "8": -0.06256991222250265, "9": -0.06556941318198078, "10": -0.03372519061526543, "11": 0.004593112665280968, "12": 0.49631095338556536, "13": 0.05738314274660428}