{"0": 0.024190045844532944, "1": 0.005959831640763143, "2": -0.001848856281569551, "3": 0.4366886534586926, "4": 0.16388244251091671, "5": 0.06537971407197245, "6": 0.02241854425929772, "7": -0.09885487138806548, "8": -0.061803376505767664, "9": -0.07527940220329915, "10": -0.031917811787737664, "11": 0.003357491643501751, "12": 0.5299128034545343, "13": 0.05856433410442572}