{"0": 0.024677338171421634, "1": 0.006263236725808962, "2": -0.0033232703883122505, "3": 0.20163619762655882, "4": 0.15206419021381537, "5": 0.041279887109699015, "6": 0.0460473480617371, "7": -0.09150471470699711, "8": -0.06444587334957248, "9": -0.07893110856539823, "10": -0.031839573996261125, "11": -0.020584339290597213, "12": 0.5855044863505003, "13": 0.06792144868034475}