{"0": 0.02536446764748535, "1": 0.006178502719449026, "2": -0.0010118729869066283, "3": 0.4680401040113638, "4": 0.13359665732960038, "5": 0.027236846933446537, "6": 0.030159186288541362, "7": -0.07309898291248862, "8": -0.07138432032143631, "9": -0.07339254741334439, "10": -0.022650481094617717, "11": 0.015373052831638818, "12": 0.5364137033603489, "13": 0.04841146785642558}