{"0": 0.022747254650555476, "1": 0.008444176323237356, "2": -0.0032599961502752157, "3": 0.38341237302779285, "4": 0.15376925020906762, "5": 0.07931917873911766, "6": 0.03729140984891088, "7": -0.06612753390026936, "8": -0.07371016728960596, "9": -0.06712502521735383, "10": -0.05240558453376455, "11": 0.008205371195042756, "12": 0.5048299387442692, "13": 0.055895163683252785}