{"0": 0.022959815070031527, "1": 0.00514319250162839, "2": -0.0007198994376252056, "3": 0.16905795910446791, "4": 0.15405131469305924, "5": 0.07200318153552118, "6": -0.002446214805945204, "7": -0.0660867623461727, "8": -0.06566554275517016, "9": -0.06833104377741078, "10": -0.03168416291031723, "11": 0.03293054705481755, "12": 0.4585929458232953, "13": 0.045308779154831176}