{"0": 0.02317642771432405, "1": 0.008996777658692974, "2": -0.004090600882839826, "3": 0.24277330251375054, "4": 0.14388055038258948, "5": 0.07546454366463441, "6": 0.02516515286845991, "7": -0.0872511981426866, "8": -0.05897889602062877, "9": -0.0731451092426233, "10": -0.03779423922912219, "11": 0.026043269405323814, "12": 0.547726935428397, "13": 0.04734051562438992}