{"0": 0.020859436136703425, "1": 0.0055811200612389525, "2": -0.002821530746274651, "3": 0.29364966197037057, "4": 0.1479264950859666, "5": 0.09568888879946578, "6": 0.03429073522300048, "7": -0.12305219833071522, "8": -0.06285664016053637, "9": -0.07667606264358415, "10": -0.02913917518998516, "11": -0.006570219527712271, "12": 0.5240421910812855, "13": 0.07079695799735611}