{"0": 0.02629686798585436, "1": 0.007290049134333161, "2": -0.0023529378646808237, "3": 0.38205724676490843, "4": 0.14010845795596583, "5": 0.019841466467446077, "6": 0.01982135657629609, "7": -0.035860222536905684, "8": -0.06826018605214754, "9": -0.07257899256120875, "10": -0.03310255862387901, "11": 0.0282285676114852, "12": 0.4577431141871114, "13": 0.047989676754091735}