{"0": 0.02609883268594896, "1": 0.006974026796270013, "2": -0.004233462928524638, "3": 0.38650439371744927, "4": 0.15863215154476154, "5": 0.05718831297140034, "6": 0.026357330961425333, "7": -0.04804377750705375, "8": -0.051494116067849545, "9": -0.07524725876593555, "10": -0.03915476382214038, "11": 0.01064508623446495, "12": 0.46560801234061805, "13": 0.05251125517558826}