{"0": 0.026027479123346964, "1": 0.00758010867693316, "2": -0.004163701171624072, "3": 0.21660083166309135, "4": 0.1536918105983615, "5": 0.08348454349812653, "6": 0.007330060169847468, "7": -0.030304691757625964, "8": -0.05734762659938405, "9": -0.06431710852914645, "10": -0.05005068301855802, "11": 0.023204159521467184, "12": 0.4993541050118019, "13": 0.048434260133523616}