{"0": 0.02324999542565421, "1": 0.004115305193739574, "2": -0.0018632022457912803, "3": 0.4734748556116062, "4": 0.13976072416638677, "5": 0.08893858016894912, "6": 0.030803387392548752, "7": -0.06989406770515275, "8": -0.05936191666343536, "9": -0.07807570436252102, "10": -0.03343277111077092, "11": -0.009085720458507173, "12": 0.5234133161829901, "13": 0.0637259149713364}