{"0": 0.023594865064280175, "1": 0.009691029975309007, "2": -0.0044641886253113956, "3": 0.172788847681853, "4": 0.14702935884261964, "5": 0.06000566280603279, "6": 0.016593093824161024, "7": -0.06899154651368876, "8": -0.06381580900009139, "9": -0.0724685511678962, "10": -0.0312733703595105, "11": 0.031421660386235034, "12": 0.4951663387785228, "13": 0.042034499247828885}