{"0": 0.022583224755982775, "1": 0.006761162565554171, "2": -0.0036640477861384912, "3": 0.38563989014383737, "4": 0.14165920134571364, "5": 0.06314666889288871, "6": 0.02598269774964988, "7": -0.07953864231074421, "8": -0.05738722165606708, "9": -0.07923991927549213, "10": -0.02013861271453174, "11": -0.008467501966063183, "12": 0.5567034417567647, "13": 0.06863195735468082}