{"0": 0.024548068252865214, "1": 0.005890006040009524, "2": -0.0033156008097385554, "3": 0.2788031336553675, "4": 0.1667276758458893, "5": 0.04501231676126974, "6": 0.04191485515050778, "7": -0.06697798450865457, "8": -0.06139933423286454, "9": -0.07738167053955988, "10": -0.04007557535536721, "11": -0.023720117139579337, "12": 0.5879629103543068, "13": 0.07016315037674861}