{"0": 0.02452936986738177, "1": 0.007851421225361917, "2": -0.003966349478923365, "3": 0.2739030613888083, "4": 0.14930272125108654, "5": 0.07707860294854281, "6": 0.026839434513132587, "7": -0.07469524496592524, "8": -0.06387050126765258, "9": -0.07503586710694803, "10": -0.035065178926333936, "11": 0.018012228380249892, "12": 0.49615276296290983, "13": 0.05377739355349801}