{"0": 0.02564750657444198, "1": 0.0031700038890304276, "2": -0.0008578754009094802, "3": 0.5202564368003167, "4": 0.16730960932630012, "5": 0.059848829748321904, "6": 0.0013766517970870652, "7": -0.01215264199630307, "8": -0.06702134533772784, "9": -0.07068362989362433, "10": -0.031070169015527862, "11": 0.014791077229802904, "12": 0.48766236572337535, "13": 0.049853395926436235}