{"0": 0.020619460466533488, "1": 0.008025922887620138, "2": -0.0031585149009535395, "3": 0.3595534634223182, "4": 0.15910109641891815, "5": 0.04098198474292575, "6": 0.060865960490971205, "7": -0.12843746356202065, "8": -0.0706343758756446, "9": -0.08187549730183419, "10": -0.017683867212515872, "11": -0.00999727038631869, "12": 0.577333777098401, "13": 0.06217962833186711}