{"0": 0.0222556448083739, "1": 0.007722773662385599, "2": -0.004102373732826924, "3": 0.515966579501845, "4": 0.13989375681770647, "5": 0.07437906245345123, "6": 0.028811225716867533, "7": -0.07447314647782381, "8": -0.06534696979929427, "9": -0.07189004115467094, "10": -0.04616903653651834, "11": -0.02525645505968651, "12": 0.5709800266211527, "13": 0.0717056664561172}