{"0": 0.026530867565186002, "1": 0.00655508935765204, "2": -0.0026414076389538396, "3": 0.35754390533633207, "4": 0.14575915466617118, "5": 0.041274814033167365, "6": 0.05908948097151872, "7": -0.09222853353810442, "8": -0.07171378118945759, "9": -0.07718059666224888, "10": -0.025393179598181954, "11": 0.024406443858117036, "12": 0.5066333682483228, "13": 0.04209616976298222}