{"0": 0.026944067812350044, "1": 0.005463978999950505, "2": -0.0028829659689664318, "3": 0.436863312392021, "4": 0.1496531090909195, "5": 0.07164426777631452, "6": 0.036903111204247864, "7": -0.08339405160167476, "8": -0.06111524678261333, "9": -0.07278324995542525, "10": -0.02669119489796011, "11": 0.010030969256534782, "12": 0.48041982042885023, "13": 0.0579539333658463}